Workbook

Sheet Welcome
A1: ZINDUA FOUNDATION
C3: HOPE • EDUCATE • EMPOWER
C5: OFFICIAL MEMBERSHIP MANAGEMENT SYSTEM Use this workbook to maintain the Foundation's internal membership register, leadership register, verification records and administrative approvals.
A11: Recommended workflow
A12: 1 | B12: Member registration | C12: Member completes the official registration form.
A13: 2 | B13: Document submission | C13: Member provides the required identity and signature documents through the restricted process.
A14: 3 | B14: Administrative review | C14: An authorized officer checks completeness and eligibility.
A15: 4 | B15: Approval | C15: The authorized leadership/committee approves or returns the application.
A16: 5 | B16: Activation | C16: Member receives a ZF Member ID and status is changed to Active.
A17: 6 | B17: Record keeping | C17: Keep records secure and review access regularly.
A20: IMPORTANT: National ID numbers, ID images and signatures are sensitive personal data. Do not publish this workbook or its supporting Drive files. Limit access to authorized Foundation officials and use appropriate privacy, retention and consent procedures.

Sheet Members
A1: ZINDUA FOUNDATION
A2: HOPE • EDUCATE • EMPOWER — OFFICIAL MEMBERSHIP REGISTER
A3: Internal administrative register — restricted access
A5: Member ID | B5: Full Legal Name | C5: Preferred Name | D5: Membership Category | E5: Position / Role | F5: Phone Number | G5: Email | H5: County | I5: Date Joined | J5: National ID Number | K5: ID Front File | L5: ID Back File | M5: Signature File | N5: Verification Status | O5: Membership Status | P5: Verified By | Q5: Verification Date | R5: Skills / Area of Interest | S5: Remarks
A6: =IF(B6="","","ZF-"&TEXT(ROW()-5,"000"))
A7: =IF(B7="","","ZF-"&TEXT(ROW()-5,"000"))
A8: =IF(B8="","","ZF-"&TEXT(ROW()-5,"000"))
A9: =IF(B9="","","ZF-"&TEXT(ROW()-5,"000"))
A10: =IF(B10="","","ZF-"&TEXT(ROW()-5,"000"))
A11: =IF(B11="","","ZF-"&TEXT(ROW()-5,"000"))
A12: =IF(B12="","","ZF-"&TEXT(ROW()-5,"000"))
A13: =IF(B13="","","ZF-"&TEXT(ROW()-5,"000"))
A14: =IF(B14="","","ZF-"&TEXT(ROW()-5,"000"))
A15: =IF(B15="","","ZF-"&TEXT(ROW()-5,"000"))
A16: =IF(B16="","","ZF-"&TEXT(ROW()-5,"000"))
A17: =IF(B17="","","ZF-"&TEXT(ROW()-5,"000"))
... A55: =IF(B55="","","ZF-"&TEXT(ROW()-5,"000"))

Sheet Leadership
A1: ZINDUA FOUNDATION — FOUNDING & LEADERSHIP REGISTER
A2: Initial structure for the five founding members
A4: Founder ID | B4: Full Name | C4: Position | D4: Phone | E4: Email | F4: Photo File | G4: Signature File | H4: Active
A5: ZF-F01 | C5: Chairperson / Founder | H5: Active
A6: ZF-F02 | C6: Vice Chairperson / Co-Founder | H6: Active
A7: ZF-F03 | C7: Secretary / Co-Founder | H7: Active
A8: ZF-F04 | C8: Treasurer / Co-Founder | H8: Active
A9: ZF-F05 | C9: Programs & Community Director / Co-Founder | H9: Active
A11: Leadership role note: | B11: The five founding positions are a proposed structure. Confirm titles and authority in the Foundation's governing documents.

Sheet Dashboard
A1: ZINDUA FOUNDATION — MEMBERSHIP DASHBOARD
A2: HOPE • EDUCATE • EMPOWER
A4: Total Registered | B4: =COUNTIF(Members!B6:B55,"<>") | D4: Status | E4: Count
A5: Founding Members | B5: =COUNTIF(Members!D6:D55,"Founding Member") | D5: Active | E5: =COUNTIF(Members!O6:O55,D5)
A6: Active Members | B6: =COUNTIF(Members!O6:O55,"Active") | D6: Pending | E6: =COUNTIF(Members!O6:O55,D6)
A7: Pending Applications | B7: =COUNTIF(Members!O6:O55,"Pending") | D7: Inactive | E7: =COUNTIF(Members!O6:O55,D7)
A8: Verified IDs | B8: =COUNTIF(Members!N6:N55,"Verified") | D8: Suspended | E8: =COUNTIF(Members!O6:O55,D8)
D9: Rejected | E9: =COUNTIF(Members!O6:O55,D9)
A10: Use the Dashboard for monitoring only; the Members sheet remains the detailed register.

Sheet Lists
A1: Membership Categories | B1: Roles | C1: Verification Status | D1: Membership Status | E1: Kenya Counties
A2: Founding Member | B2: Chairperson / Founder | C2: Pending | D2: Pending | E2: Baringo
A3: Leadership Member | B3: Vice Chairperson / Co-Founder | C3: Verified | D3: Active | E3: Bomet
A4: Ordinary Member | B4: Secretary / Co-Founder | C4: Rejected | D4: Inactive | E4: Bungoma
A5: Volunteer | B5: Treasurer / Co-Founder | C5: Needs Review | D5: Suspended | E5: Busia
B6: Programs & Community Director / Co-Founder | D6: Rejected | E6: Elgeyo-Marakwet
B7: Committee Member | E7: Embu
B8: Ordinary Member | E8: Garissa
B9: Volunteer | E9: Homa Bay
B10: Other | E10: Isiolo
E11: Kajiado
E12: Kakamega
E13: Kericho
E14: Kiambu
E15: Kilifi
E16: Kirinyaga
E17: Kisii
E18: Kisumu
E19: Kitui
E20: Kwale
E21: Laikipia
E22: Lamu
... E48: West Pokot

Sheet Instructions
A1: HOW TO USE THE ZINDUA FOUNDATION MEMBERSHIP SYSTEM
A3: 1 | B3: Members | C3: Use the Members sheet as the official internal register. One member = one row.
A4: 2 | B4: Member IDs | C4: Member IDs are generated automatically as ZF-001, ZF-002, etc. Enter the person's name first.
A5: 3 | B5: Leadership | C5: Enter the five founding members and their confirmed positions in the Leadership sheet.
A6: 4 | B6: Documents | C6: Store restricted links to National ID front/back and signature files in the relevant file columns. Do not make these files public.
A7: 5 | B7: Verification | C7: Set Verification Status to Pending, Verified, Rejected, or Needs Review after an authorized officer checks the documents.
A8: 6 | B8: Membership | C8: Set Membership Status to Active only after the appropriate approval process has been completed.
A9: 7 | B9: Dashboard | C9: Use the Dashboard to monitor totals, active members, pending applications, and ID verification.
A10: 8 | B10: Google Sheets | C10: Upload this Excel file to Google Drive and open it with Google Sheets. Then restrict sharing to authorized Foundation officials.
A11: 9 | B11: Online registration | C11: For new members, create a Google Form and link its responses to the Members sheet. File uploads require the form respondent to sign in to a Google account.

Sheet Membership Form Fields
A1: ZINDUA FOUNDATION — OFFICIAL MEMBER REGISTRATION FORM BLUEPRINT
A3: Section | B3: Question / Field | C3: Question Type | D3: Required? | E3: Purpose | F3: Admin Notes
A4: Personal Details | B4: Full Legal Name | C4: Short answer | D4: Yes | E4: Official member identity | F4: Match supporting documents
A5: Personal Details | B5: Preferred Name | C5: Short answer | D5: No | E5: Day-to-day name
A6: Personal Details | B6: Phone Number | C6: Short answer | D6: Yes | E6: Member contact
A7: Personal Details | B7: Email Address | C7: Short answer | D7: Yes | E7: Member contact
A8: Personal Details | B8: Date of Birth | C8: Date | D8: Yes | E8: Eligibility/records
A9: Personal Details | B9: County | C9: Dropdown | D9: Yes | E9: Location reporting | F9: Use Kenya county list
A10: Membership | B10: Membership Category | C10: Dropdown | D10: Yes | E10: Classify membership | F10: Founding / Leadership / Ordinary / Volunteer
A11: Membership | B11: Position / Role | C11: Dropdown | D11: Yes | E11: Record role | F11: Leadership roles should be approved
A12: Membership | B12: Date Joined | C12: Date | D12: Yes | E12: Membership history
A13: Membership | B13: Skills / Area of Interest | C13: Paragraph | D13: No | E13: Program placement
A14: Identification | B14: National ID Number | C14: Short answer | D14: Yes | E14: Identity verification | F14: Restrict access
A15: Identification | B15: National ID — Front | C15: File upload | D15: Yes | E15: Identity evidence | F15: Restrict Drive permissions
A16: Identification | B16: National ID — Back | C16: File upload | D16: Yes | E16: Identity evidence | F16: Restrict Drive permissions
A17: Signature | B17: Member Signature | C17: File upload | D17: Yes | E17: Membership declaration | F17: Use signed image/PDF
A18: Declaration | B18: Accuracy & membership declaration | C18: Checkbox | D18: Yes | E18: Member consent/declaration | F18: Include final declaration text

Sheet Approvals
A1: ZINDUA FOUNDATION — MEMBERSHIP APPROVAL LOG
A3: Member ID | B3: Member Name | C3: Application Date | D3: Review Status | E3: Reviewed By | F3: Review Date | G3: Decision | H3: Approved By | I3: Approval Date | J3: Remarks

Sheet Member Card
A1: ZINDUA FOUNDATION
A2: HOPE • EDUCATE • EMPOWER
C4: OFFICIAL MEMBERSHIP CARD TEMPLATE
A7: Member ID: | B7: ZF-___
A9: Full Name: | B9: ____________________________
A11: Category: | B11: ____________________________
A13: Position / Role: | B13: ____________________________
A15: Date Joined: | B15: ____________________________
A17: Status: | B17: ACTIVE / PENDING
A20: This template is for internal/approved membership identification. Do not treat it as a government identity document.
